Vipr2,Fos,receptor-TF
Vipr2,Mapk8,receptor-TF
Vipr2,Creb1,receptor-TF
Vipr2,Ppara,receptor-TF
Vipr2,Sox9,receptor-TF
Vipr2,Rapgef3,receptor-TF
Vipr2,Raf1,receptor-TF
Vipr2,Mapk9,receptor-TF
Vipr2,Creb3l3,receptor-TF
Vipr2,Gli3,receptor-TF
Vipr2,Nfatc1,receptor-TF
Vipr2,Ep300,receptor-TF
Vipr2,Nfkbia,receptor-TF
Vipr2,Gli1,receptor-TF
Vipr2,Mapk10,receptor-TF
Vipr2,Grin1,receptor-TF
Vipr2,Creb3l1,receptor-TF
Vipr2,Creb3,receptor-TF
Vipr2,Akt1,receptor-TF
Vipr2,Crebbp,receptor-TF
Vipr2,Mapk3,receptor-TF
Vipr2,Creb5,receptor-TF
Vipr2,Rela,receptor-TF
Vipr2,Jun,receptor-TF
Vipr2,Creb3l4,receptor-TF
Vipr2,Nfkb1,receptor-TF
Vipr2,Creb3l2,receptor-TF
Vipr2,Mapk1,receptor-TF
Npy1r,Fos,receptor-TF
Npy1r,Mapk8,receptor-TF
Npy1r,Creb1,receptor-TF
Npy1r,Ppara,receptor-TF
Npy1r,Sox9,receptor-TF
Npy1r,Rapgef3,receptor-TF
Npy1r,Raf1,receptor-TF
Npy1r,Mapk9,receptor-TF
Npy1r,Creb3l3,receptor-TF
Npy1r,Gli3,receptor-TF
Npy1r,Nfatc1,receptor-TF
Npy1r,Ep300,receptor-TF
Npy1r,Nfkbia,receptor-TF
Npy1r,Gli1,receptor-TF
Npy1r,Mapk10,receptor-TF
Npy1r,Grin1,receptor-TF
Npy1r,Creb3l1,receptor-TF
Npy1r,Creb3,receptor-TF
Npy1r,Akt1,receptor-TF
Npy1r,Crebbp,receptor-TF
Npy1r,Mapk3,receptor-TF
Npy1r,Creb5,receptor-TF
Npy1r,Rela,receptor-TF
Npy1r,Jun,receptor-TF
Npy1r,Creb3l4,receptor-TF
Npy1r,Nfkb1,receptor-TF
Npy1r,Creb3l2,receptor-TF
Npy1r,Mapk1,receptor-TF
Sstr1,Stat5b,receptor-TF
Sstr1,Fos,receptor-TF
Sstr1,Mapk8,receptor-TF
Sstr1,Creb3l2,receptor-TF
Sstr1,Creb1,receptor-TF
Sstr1,Ppara,receptor-TF
Sstr1,Sox9,receptor-TF
Sstr1,Sos1,receptor-TF
Sstr1,Mapk12,receptor-TF
Sstr1,Atf6b,receptor-TF
Sstr1,Stat3,receptor-TF
Sstr1,Rapgef3,receptor-TF
Sstr1,Mapk11,receptor-TF
Sstr1,Raf1,receptor-TF
Sstr1,Mapk9,receptor-TF
Sstr1,Creb3l3,receptor-TF
Sstr1,Gli3,receptor-TF
Sstr1,Nfatc1,receptor-TF
Sstr1,Ep300,receptor-TF
Sstr1,Nfkbia,receptor-TF
Sstr1,Gli1,receptor-TF
Sstr1,Sos2,receptor-TF
Sstr1,Mapk10,receptor-TF
Sstr1,Grin1,receptor-TF
Sstr1,Junb,receptor-TF
Sstr1,Atf2,receptor-TF
Sstr1,Creb3l1,receptor-TF
Sstr1,Creb3,receptor-TF
Sstr1,Akt1,receptor-TF
Sstr1,Crebbp,receptor-TF
Sstr1,Atf4,receptor-TF
Sstr1,Mapk3,receptor-TF
Sstr1,Creb5,receptor-TF
Sstr1,Rela,receptor-TF
Sstr1,Stat1,receptor-TF
Sstr1,Jun,receptor-TF
Sstr1,Creb3l4,receptor-TF
Sstr1,Mapk13,receptor-TF
Sstr1,Pou1f1,receptor-TF
Sstr1,Nfkb1,receptor-TF
Sstr1,Mapk14,receptor-TF
Sstr1,Mapk1,receptor-TF
Sstr1,Stat5a,receptor-TF
Oprd1,Atf4,receptor-TF
Oprd1,Creb3,receptor-TF
Oprd1,Mapk3,receptor-TF
Oprd1,Creb5,receptor-TF
Oprd1,Creb1,receptor-TF
Oprd1,Raf1,receptor-TF
Oprd1,Creb3l4,receptor-TF
Oprd1,Atf2,receptor-TF
Oprd1,Gtf2i,receptor-TF
Oprd1,Trp53,receptor-TF
Oprd1,Creb3l3,receptor-TF
Oprd1,Creb3l1,receptor-TF
Oprd1,Gtf2ird1,receptor-TF
Oprd1,Atf6b,receptor-TF
Oprd1,Creb3l2,receptor-TF
Oprd1,Mapk1,receptor-TF
Oprd1,Akt1,receptor-TF
Vipr2_,null0,no-ligand
Npy1r_,null1,no-ligand
Sstr1_,null2,no-ligand
Oprd1_,null3,no-ligand
Stat5b,Socs3,TF-target_gene
Stat5b,Ccnd2,TF-target_gene
Stat5b,Ccnd3,TF-target_gene
Stat5b,Cel,TF-target_gene
Stat5b,Bcl2l1,TF-target_gene
Stat5b,Ccnd1,TF-target_gene
Stat5b,Socs5,TF-target_gene
Stat5b,Socs4,TF-target_gene
Stat5b,Socs2,TF-target_gene
Stat5b,Socs7,TF-target_gene
Stat5b,Pim2,TF-target_gene
Stat5b,Pim1,TF-target_gene
Stat5b,Myc,TF-target_gene
Stat5b,Socs1,TF-target_gene
Stat5b,Ar,TF-target_gene
Stat5b,Csn2,TF-target_gene
Stat5b,Dpf3,TF-target_gene
Stat5b,Slc10a1,TF-target_gene
Fos,Vegfc,TF-target_gene
Fos,Ccnd1,TF-target_gene
Fos,Cdk4,TF-target_gene
Fos,Figf,TF-target_gene
Fos,Mmp2,TF-target_gene
Fos,Mmp9,TF-target_gene
Fos,Pgf,TF-target_gene
Fos,Th,TF-target_gene
Fos,Vegfa,TF-target_gene
Fos,Vegfb,TF-target_gene
Fos,LOC640611,TF-target_gene
Fos,Mmp1a,TF-target_gene
Fos,Mmp1b,TF-target_gene
Fos,Acp5,TF-target_gene
Fos,Bdnf,TF-target_gene
Fos,Bmp2,TF-target_gene
Fos,Ccl5,TF-target_gene
Fos,Crh,TF-target_gene
Fos,Csf3,TF-target_gene
Fos,Cxcl15,TF-target_gene
Fos,Dcstamp,TF-target_gene
Fos,Egr1,TF-target_gene
Fos,Fam89b,TF-target_gene
Fos,Fos,TF-target_gene
Fos,Gnrh1,TF-target_gene
Fos,Gria1,TF-target_gene
Fos,Grik2,TF-target_gene
Fos,H2-K1,TF-target_gene
Fos,Hmgcr,TF-target_gene
Fos,Ifne,TF-target_gene
Fos,Igk,TF-target_gene
Fos,Il1rl1,TF-target_gene
Fos,Il2,TF-target_gene
Fos,Il27,TF-target_gene
Fos,Il6,TF-target_gene
Fos,Jun,TF-target_gene
Fos,Krt18,TF-target_gene
Fos,Mapk8,TF-target_gene
Fos,Mt1,TF-target_gene
Fos,Nacc1,TF-target_gene
Fos,Nck2,TF-target_gene
Fos,Nefl,TF-target_gene
Fos,Nfatc1,TF-target_gene
Fos,Nfe2l2,TF-target_gene
Fos,Ngf,TF-target_gene
Fos,Nos2,TF-target_gene
Fos,Nr3c1,TF-target_gene
Fos,Pdpn,TF-target_gene
Fos,Penk,TF-target_gene
Fos,Plau,TF-target_gene
Fos,Pomc,TF-target_gene
Fos,Ppp1r3b,TF-target_gene
Fos,Spi1,TF-target_gene
Fos,Slc10a2,TF-target_gene
Fos,Socs3,TF-target_gene
Fos,Src,TF-target_gene
Fos,Srr,TF-target_gene
Fos,Srxn1,TF-target_gene
Fos,Star,TF-target_gene
Fos,Stim1,TF-target_gene
Fos,Tff2,TF-target_gene
Fos,Tgfb1,TF-target_gene
Fos,Tinagl1,TF-target_gene
Fos,Tpsab1,TF-target_gene
Fos,Trp53,TF-target_gene
Fos,Tslp,TF-target_gene
Fos,Wee1,TF-target_gene
Mapk8,Il18,TF-target_gene
Mapk8,Il23a,TF-target_gene
Mapk8,Tnf,TF-target_gene
Mapk8,Nos2,TF-target_gene
Mapk8,Smad4,TF-target_gene
Mapk8,Jun,TF-target_gene
Mapk8,Il12b,TF-target_gene
Mapk8,Il12a,TF-target_gene
Mapk8,Il6,TF-target_gene
Mapk8,Il1b,TF-target_gene
Mapk8,Il1a,TF-target_gene
Creb1,Ren1,TF-target_gene
Creb1,H2-Ea-ps,TF-target_gene
Creb1,Npy,TF-target_gene
Creb1,Slc5a5,TF-target_gene
Creb1,Adcy8,TF-target_gene
Creb1,Aqp2,TF-target_gene
Creb1,Arc,TF-target_gene
Creb1,Barx2,TF-target_gene
Creb1,Bcl2,TF-target_gene
Creb1,Bdkrb1,TF-target_gene
Creb1,Bdnf,TF-target_gene
Creb1,Brca1,TF-target_gene
Creb1,Brca2,TF-target_gene
Creb1,Cacna1s,TF-target_gene
Creb1,Ccnd1,TF-target_gene
Creb1,Ccnd2,TF-target_gene
Creb1,Cd3d,TF-target_gene
Creb1,Cdk1,TF-target_gene
Creb1,Ift81,TF-target_gene
Creb1,Cebpb,TF-target_gene
Creb1,Cebpd,TF-target_gene
Creb1,Chga,TF-target_gene
Creb1,Chgb,TF-target_gene
Creb1,Crebbp,TF-target_gene
Creb1,Crh,TF-target_gene
Creb1,Cryaa,TF-target_gene
Creb1,Ctf1,TF-target_gene
Creb1,Cyp11a1,TF-target_gene
Creb1,Dbh,TF-target_gene
Creb1,Fos,TF-target_gene
Creb1,Fosb,TF-target_gene
Creb1,Fst,TF-target_gene
Creb1,Galr1,TF-target_gene
Creb1,Gfap,TF-target_gene
Creb1,Gnrhr,TF-target_gene
Creb1,Grin2b,TF-target_gene
Creb1,Nr3c1,TF-target_gene
Creb1,Hspa5,TF-target_gene
Creb1,Gzmb,TF-target_gene
Creb1,H2-Aa,TF-target_gene
Creb1,H2-Ab1,TF-target_gene
Creb1,H2-Eb1,TF-target_gene
Creb1,H2-DMa,TF-target_gene
Creb1,H2-DMb1,TF-target_gene
Creb1,H2-DMb2,TF-target_gene
Creb1,H2-Oa,TF-target_gene
Creb1,H2-Ob,TF-target_gene
Creb1,Hfe,TF-target_gene
Creb1,Hgf,TF-target_gene
Creb1,Hmox1,TF-target_gene
Creb1,Nr4a1,TF-target_gene
Creb1,Hpgd,TF-target_gene
Creb1,Slc6a4,TF-target_gene
Creb1,Elavl1,TF-target_gene
Creb1,Cd74,TF-target_gene
Creb1,Il2,TF-target_gene
Creb1,Il6,TF-target_gene
Creb1,Inha,TF-target_gene
Creb1,Jun,TF-target_gene
Creb1,Kcnc1,TF-target_gene
Creb1,Anxa1,TF-target_gene
Creb1,Ltf,TF-target_gene
Creb1,Mcl1,TF-target_gene
Creb1,Met,TF-target_gene
Creb1,Mif,TF-target_gene
Creb1,Mitf,TF-target_gene
Creb1,Mt3,TF-target_gene
Creb1,Myod1,TF-target_gene
Creb1,Nf1,TF-target_gene
Creb1,Npr1,TF-target_gene
Creb1,Ntsr2,TF-target_gene
Creb1,Pck1,TF-target_gene
Creb1,Pcna,TF-target_gene
Creb1,Pdha2,TF-target_gene
Creb1,Pdyn,TF-target_gene
Creb1,Penk,TF-target_gene
Creb1,Per1,TF-target_gene
Creb1,Per2,TF-target_gene
Creb1,Per3,TF-target_gene
Creb1,Plat,TF-target_gene
Creb1,Plau,TF-target_gene
Creb1,Ppara,TF-target_gene
Creb1,Ptger2,TF-target_gene
Creb1,Ptgs2,TF-target_gene
Creb1,Dusp1,TF-target_gene
Creb1,Rdh16,TF-target_gene
Creb1,Scg2,TF-target_gene
Creb1,Sfrp4,TF-target_gene
Creb1,Sftpb,TF-target_gene
Creb1,Slc1a3,TF-target_gene
Creb1,Slc20a1,TF-target_gene
Creb1,Stat3,TF-target_gene
Creb1,Tcra,TF-target_gene
Creb1,Tgfb2,TF-target_gene
Creb1,Tgm1,TF-target_gene
Creb1,Th,TF-target_gene
Creb1,Thbs1,TF-target_gene
Creb1,Rarb,TF-target_gene
Creb1,Tnfrsf8,TF-target_gene
Creb1,Trf,TF-target_gene
Creb1,Wisp1,TF-target_gene
Creb1,Yy1,TF-target_gene
Creb1,Mapk1,TF-target_gene
Creb1,Gyg,TF-target_gene
Creb1,Clic4,TF-target_gene
Creb1,Slc29a1,TF-target_gene
Creb1,Osgep,TF-target_gene
Creb1,Nrn1,TF-target_gene
Creb1,Myh10,TF-target_gene
Creb1,Acsl4,TF-target_gene
Creb1,Cftr,TF-target_gene
Creb1,Cldn11,TF-target_gene
Creb1,Crtc2,TF-target_gene
Creb1,Entpd1,TF-target_gene
Creb1,Esr1,TF-target_gene
Creb1,Etv2,TF-target_gene
Creb1,Etv3,TF-target_gene
Creb1,Il10,TF-target_gene
Creb1,Ldha,TF-target_gene
Creb1,Nfkbiz,TF-target_gene
Creb1,Nmnat2,TF-target_gene
Creb1,Noct,TF-target_gene
Creb1,Nrf1,TF-target_gene
Creb1,Pde3b,TF-target_gene
Creb1,Ppargc1a,TF-target_gene
Creb1,Ppm1d,TF-target_gene
Creb1,Prkce,TF-target_gene
Creb1,Nectin2,TF-target_gene
Creb1,Slc2a3,TF-target_gene
Creb1,Twist1,TF-target_gene
Mapk14,Il23a,TF-target_gene
Mapk14,Il12a,TF-target_gene
Mapk14,Il12b,TF-target_gene
Mapk14,Il18,TF-target_gene
Mapk14,Il1a,TF-target_gene
Mapk14,Il1b,TF-target_gene
Mapk14,Il6,TF-target_gene
Mapk14,Nos2,TF-target_gene
Mapk14,Tnf,TF-target_gene
Mapk14,Egr1,TF-target_gene
Ppara,Cyp4a31,TF-target_gene
Ppara,Cyp4a32,TF-target_gene
Ppara,Acadm,TF-target_gene
Ppara,Acaa1a,TF-target_gene
Ppara,Acox1,TF-target_gene
Ppara,Aip,TF-target_gene
Ppara,Apoa1,TF-target_gene
Ppara,Apoa2,TF-target_gene
Ppara,Apoc3,TF-target_gene
Ppara,Cebpb,TF-target_gene
Ppara,Abcc2,TF-target_gene
Ppara,Cpt1a,TF-target_gene
Ppara,Cpt1b,TF-target_gene
Ppara,Cpt2,TF-target_gene
Ppara,Cyp4a10,TF-target_gene
Ppara,Cyp4a12b,TF-target_gene
Ppara,Cyp4a14,TF-target_gene
Ppara,Cyp7a1,TF-target_gene
Ppara,Cyp8b1,TF-target_gene
Ppara,Dbi,TF-target_gene
Ppara,Fabp1,TF-target_gene
Ppara,Acsl1,TF-target_gene
Ppara,Gata3,TF-target_gene
Ppara,Hmgcs2,TF-target_gene
Ppara,Hsd11b1,TF-target_gene
Ppara,Hsp90ab1,TF-target_gene
Ppara,Lpl,TF-target_gene
Ppara,Mmp3,TF-target_gene
Ppara,Me1,TF-target_gene
Ppara,Cited2,TF-target_gene
Ppara,Mttp,TF-target_gene
Ppara,Nfkb1,TF-target_gene
Ppara,Nfkbia,TF-target_gene
Ppara,Pltp,TF-target_gene
Ppara,Med1,TF-target_gene
Ppara,Scd1,TF-target_gene
Ppara,Scd2,TF-target_gene
Ppara,Scp2,TF-target_gene
Ppara,Slc22a1,TF-target_gene
Ppara,Scarb1,TF-target_gene
Ppara,Acsl6,TF-target_gene
Ppara,Ucp1,TF-target_gene
Ppara,Ucp3,TF-target_gene
Ppara,Nr1h3,TF-target_gene
Ppara,Cyp4a29-ps,TF-target_gene
Ppara,Acaa1b,TF-target_gene
Ppara,Nox1,TF-target_gene
Ppara,Apob,TF-target_gene
Ppara,Slc27a1,TF-target_gene
Ppara,Slc27a4,TF-target_gene
Ppara,Mecr,TF-target_gene
Ppara,Pdk4,TF-target_gene
Ppara,Cyp4a12a,TF-target_gene
Ppara,Dhrs4,TF-target_gene
Ppara,Scd3,TF-target_gene
Ppara,Acsbg2,TF-target_gene
Ppara,Scd4,TF-target_gene
Ppara,Acsl5,TF-target_gene
Ppara,Cyp4a30b-ps,TF-target_gene
Ppara,Acsl4,TF-target_gene
Ppara,Fads2,TF-target_gene
Ppara,Angptl4,TF-target_gene
Ppara,Aurkaip1,TF-target_gene
Ppara,Apoa5,TF-target_gene
Ppara,Ehhadh,TF-target_gene
Ppara,Acsl3,TF-target_gene
Ppara,Cpt1c,TF-target_gene
Ppara,Acox3,TF-target_gene
Ppara,Acox2,TF-target_gene
Ppara,Acsbg1,TF-target_gene
Ppara,Abcd4,TF-target_gene
Ppara,Acot1,TF-target_gene
Ppara,Akr1c18,TF-target_gene
Ppara,Aldh3a2,TF-target_gene
Ppara,Bcl2,TF-target_gene
Ppara,Cd36,TF-target_gene
Ppara,Cdkn2a,TF-target_gene
Ppara,Cebpa,TF-target_gene
Ppara,Cebpd,TF-target_gene
Ppara,Cidea,TF-target_gene
Ppara,Fabp4,TF-target_gene
Ppara,Fbp2,TF-target_gene
Ppara,Gsk3b,TF-target_gene
Ppara,Gys2,TF-target_gene
Ppara,Lgals4,TF-target_gene
Ppara,Il6,TF-target_gene
Ppara,Il6ra,TF-target_gene
Ppara,Il6st,TF-target_gene
Ppara,Mmp12,TF-target_gene
Ppara,Mpo,TF-target_gene
Ppara,Nr1i2,TF-target_gene
Ppara,Pex11a,TF-target_gene
Ppara,Ptgs2,TF-target_gene
Ppara,Pxmp4,TF-target_gene
Ppara,Rare1,TF-target_gene
Ppara,Rare2,TF-target_gene
Ppara,Retsat,TF-target_gene
Ppara,Serpine1,TF-target_gene
Ppara,Serpine2,TF-target_gene
Ppara,Slc15a1,TF-target_gene
Ppara,Slc25a20,TF-target_gene
Ppara,Spp1,TF-target_gene
Ppara,Stat5a,TF-target_gene
Ppara,Tbx21,TF-target_gene
Ppara,Trib3,TF-target_gene
Ppara,Ucp2,TF-target_gene
Sox9,Best1,TF-target_gene
Sox9,Bmi1,TF-target_gene
Sox9,Catsper1,TF-target_gene
Sox9,Cdh1,TF-target_gene
Sox9,Cdkn1a,TF-target_gene
Sox9,Col2a1,TF-target_gene
Sox9,Ctgf,TF-target_gene
Sox9,Ctnnb1,TF-target_gene
Sox9,Cyp26b1,TF-target_gene
Sox9,Etv2,TF-target_gene
Sox9,Fgf9,TF-target_gene
Sox9,Furin,TF-target_gene
Sox9,Lxn,TF-target_gene
Sox9,Matn1,TF-target_gene
Sox9,Mia,TF-target_gene
Sox9,Neurog3,TF-target_gene
Sox9,Nkx3-2,TF-target_gene
Sox9,Pax3,TF-target_gene
Sox9,Pdx1,TF-target_gene
Sox9,Phex,TF-target_gene
Sox9,Pik3ca,TF-target_gene
Sox9,Pthlh,TF-target_gene
Sox9,Ret,TF-target_gene
Sox9,Sgca,TF-target_gene
Sox9,Slc6a19,TF-target_gene
Sox9,Sox10,TF-target_gene
Sox9,Vegfa,TF-target_gene
Sox9,Vnn1,TF-target_gene
Sox9,Wwp2,TF-target_gene
Sos1,Spred3,TF-target_gene
Sos1,Spred1,TF-target_gene
Sos1,Spred2,TF-target_gene
Sos1,Bcl2l1,TF-target_gene
Sos1,Ccnd1,TF-target_gene
Sos1,Ccnd2,TF-target_gene
Sos1,Ccnd3,TF-target_gene
Sos1,Myc,TF-target_gene
Sos1,Spry4,TF-target_gene
Sos1,Spry2,TF-target_gene
Sos1,Spry1,TF-target_gene
Sos1,Spry3,TF-target_gene
Trp53,Rprm,TF-target_gene
Trp53,Trp53inp1,TF-target_gene
Trp53,Pmaip1,TF-target_gene
Trp53,Lrdd,TF-target_gene
Trp53,Psrc1,TF-target_gene
Trp53,Sfn,TF-target_gene
Trp53,Ramp2,TF-target_gene
Trp53,Ppm1d,TF-target_gene
Trp53,Banp,TF-target_gene
Trp53,Chek2,TF-target_gene
Trp53,Rrm2b,TF-target_gene
Trp53,Fkbp3,TF-target_gene
Trp53,Gtse1,TF-target_gene
Trp53,Polk,TF-target_gene
Trp53,Ccnb1,TF-target_gene
Trp53,Ppia,TF-target_gene
Trp53,Mapk3,TF-target_gene
Trp53,Rfwd2,TF-target_gene
Trp53,Ing1,TF-target_gene
Trp53,Cables2,TF-target_gene
Trp53,Gdf15,TF-target_gene
Trp53,Gadd45g,TF-target_gene
Trp53,Scn3b,TF-target_gene
Trp53,Daglb,TF-target_gene
Trp53,Sesn2,TF-target_gene
Trp53,Pias3,TF-target_gene
Trp53,Gsn,TF-target_gene
Trp53,Aamp,TF-target_gene
Trp53,Wrn,TF-target_gene
Trp53,Zmat3,TF-target_gene
Trp53,Upp1,TF-target_gene
Trp53,Tyrp1,TF-target_gene
Trp53,Tyr,TF-target_gene
Trp53,Tsc2,TF-target_gene
Trp53,Trp73,TF-target_gene
Trp53,Trp63,TF-target_gene
Trp53,Traf4,TF-target_gene
Trp53,Tnfrsf10b,TF-target_gene
Trp53,Thbs1,TF-target_gene
Trp53,Tert,TF-target_gene
Trp53,Terc,TF-target_gene
Trp53,Tep1,TF-target_gene
Trp53,Ssrp1,TF-target_gene
Trp53,Spp1,TF-target_gene
Trp53,Serpinb5,TF-target_gene
Trp53,Siah2,TF-target_gene
Trp53,Siah1b,TF-target_gene
Trp53,Siah1a,TF-target_gene
Trp53,S100a4,TF-target_gene
Trp53,Rrm2,TF-target_gene
Trp53,Ret,TF-target_gene
Trp53,Ptgs2,TF-target_gene
Trp53,Pten,TF-target_gene
Trp53,Prodh,TF-target_gene
Trp53,Pml,TF-target_gene
Trp53,Serpine1,TF-target_gene
Trp53,Pik3ca,TF-target_gene
Trp53,Abcb1a,TF-target_gene
Trp53,Abcb1b,TF-target_gene
Trp53,Nos2,TF-target_gene
Trp53,Nkx3-1,TF-target_gene
Trp53,Gadd45b,TF-target_gene
Trp53,Mmp2,TF-target_gene
Trp53,Mki67,TF-target_gene
Trp53,Mgmt,TF-target_gene
Trp53,Met,TF-target_gene
Trp53,Mdm4,TF-target_gene
Trp53,Mdm2,TF-target_gene
Trp53,Bbc3,TF-target_gene
Trp53,Stmn1,TF-target_gene
Trp53,Krt19,TF-target_gene
Trp53,Kit,TF-target_gene
Trp53,Irs3,TF-target_gene
Trp53,Inha,TF-target_gene
Trp53,Igfbp3,TF-target_gene
Trp53,Hras1,TF-target_gene
Trp53,Hnrnpab,TF-target_gene
Trp53,Hipk1,TF-target_gene
Trp53,Hic1,TF-target_gene
Trp53,Gja5,TF-target_gene
Trp53,Fdxr,TF-target_gene
Trp53,Fas,TF-target_gene
Trp53,Sesn1,TF-target_gene
Trp53,Expi,TF-target_gene
Trp53,Erbb2,TF-target_gene
Trp53,Epha2,TF-target_gene
Trp53,Ei24,TF-target_gene
Trp53,Egr1,TF-target_gene
Trp53,Egfr,TF-target_gene
Trp53,Eef1a2,TF-target_gene
Trp53,Eef1a1,TF-target_gene
Trp53,Dnmt1,TF-target_gene
Trp53,Gadd45a,TF-target_gene
Trp53,Cyp1b1,TF-target_gene
Trp53,Csnk2a2,TF-target_gene
Trp53,Csn3,TF-target_gene
Trp53,Plk3,TF-target_gene
Trp53,Chek1,TF-target_gene
Trp53,Cdkn2a,TF-target_gene
Trp53,Cdkn1b,TF-target_gene
Trp53,Cdkn1a,TF-target_gene
Trp53,Cdc42,TF-target_gene
Trp53,Cdc25c,TF-target_gene
Trp53,Cd82,TF-target_gene
Trp53,Ccng2,TF-target_gene
Trp53,Ccng1,TF-target_gene
Trp53,Ccnd1,TF-target_gene
Trp53,Bdkrb2,TF-target_gene
Trp53,Bcl2,TF-target_gene
Trp53,Bax,TF-target_gene
Trp53,Atm,TF-target_gene
Trp53,Rhob,TF-target_gene
Trp53,Rhoa,TF-target_gene
Trp53,Aqp3,TF-target_gene
Trp53,Birc5,TF-target_gene
Trp53,Apaf1,TF-target_gene
Trp53,Akt1,TF-target_gene
Trp53,Acta1,TF-target_gene
Trp53,Ddb2,TF-target_gene
Trp53,Bai1,TF-target_gene
Trp53,Topors,TF-target_gene
Trp53,Sirt1,TF-target_gene
Trp53,Sgpp1,TF-target_gene
Trp53,Sesn3,TF-target_gene
Trp53,Ddit4,TF-target_gene
Trp53,Glipr1,TF-target_gene
Trp53,Steap3,TF-target_gene
Trp53,Rchy1,TF-target_gene
Trp53,Shisa5,TF-target_gene
Trp53,Perp,TF-target_gene
Trp53,Cables1,TF-target_gene
Trp53,Abcc1,TF-target_gene
Trp53,Afp,TF-target_gene
Trp53,Agt,TF-target_gene
Trp53,Agtr1a,TF-target_gene
Trp53,Amelx,TF-target_gene
Trp53,Ankrd1,TF-target_gene
Trp53,Atf3,TF-target_gene
Trp53,Axl,TF-target_gene
Trp53,Adgrb1,TF-target_gene
Trp53,Bak1,TF-target_gene
Trp53,Btg2,TF-target_gene
Trp53,Casp3,TF-target_gene
Trp53,Casp6,TF-target_gene
Trp53,Casp7,TF-target_gene
Trp53,Casp8,TF-target_gene
Trp53,Ccna2,TF-target_gene
Trp53,Ccnb2,TF-target_gene
Trp53,Cdc2b,TF-target_gene
Trp53,Cdk2,TF-target_gene
Trp53,Cdk5,TF-target_gene
Trp53,Cdkn1c,TF-target_gene
Trp53,Cdkn2c,TF-target_gene
Trp53,Ckap2,TF-target_gene
Trp53,Ckm,TF-target_gene
Trp53,Cks1b,TF-target_gene
Trp53,Col2a1,TF-target_gene
Trp53,Cxcr2,TF-target_gene
Trp53,D7Ertd443e,TF-target_gene
Trp53,Dusp1,TF-target_gene
Trp53,Dusp2,TF-target_gene
Trp53,Dusp4,TF-target_gene
Trp53,Dyrk1a,TF-target_gene
Trp53,E2f1,TF-target_gene
Trp53,E4f1,TF-target_gene
Trp53,Edil3,TF-target_gene
Trp53,Elf4,TF-target_gene
Trp53,Epcam,TF-target_gene
Trp53,Uhrf1bp1,TF-target_gene
Trp53,Fos,TF-target_gene
Trp53,Foxm1,TF-target_gene
Trp53,Foxo3,TF-target_gene
Trp53,Foxp3,TF-target_gene
Trp53,Fpr1,TF-target_gene
Trp53,Gabre,TF-target_gene
Trp53,Gap43,TF-target_gene
Trp53,Gsk3b,TF-target_gene
Trp53,Hdgf,TF-target_gene
Trp53,Hgf,TF-target_gene
Trp53,Hipk2,TF-target_gene
Trp53,Hmox1,TF-target_gene
Trp53,Hras,TF-target_gene
Trp53,Hspa1b,TF-target_gene
Trp53,Id2,TF-target_gene
Trp53,Ifi202b,TF-target_gene
Trp53,Igf1r,TF-target_gene
Trp53,Ins2,TF-target_gene
Trp53,Insr,TF-target_gene
Trp53,Klf2,TF-target_gene
Trp53,Lif,TF-target_gene
Trp53,Ltf,TF-target_gene
Trp53,Mxi1,TF-target_gene
Trp53,Map4,TF-target_gene
Trp53,Mapk1,TF-target_gene
Trp53,Mcm7,TF-target_gene
Trp53,Mcts1,TF-target_gene
Trp53,Mir34a,TF-target_gene
Trp53,Mt1,TF-target_gene
Trp53,Myc,TF-target_gene
Trp53,Myod1,TF-target_gene
Trp53,Myog,TF-target_gene
Trp53,Nanog,TF-target_gene
Trp53,Ndrg1,TF-target_gene
Trp53,Neurod2,TF-target_gene
Trp53,Nfkb1,TF-target_gene
Trp53,Nkx2-5,TF-target_gene
Trp53,Notch1,TF-target_gene
Trp53,Nr0b2,TF-target_gene
Trp53,Nr3c1,TF-target_gene
Trp53,Nupr1,TF-target_gene
Trp53,Olfr17,TF-target_gene
Trp53,Pappa,TF-target_gene
Trp53,Pax2,TF-target_gene
Trp53,Pcbp2,TF-target_gene
Trp53,Pcna,TF-target_gene
Trp53,Pdgfrb,TF-target_gene
Trp53,Per2,TF-target_gene
Trp53,Pkd1,TF-target_gene
Trp53,Pla2g16,TF-target_gene
Trp53,Pmp2,TF-target_gene
Trp53,Prnp,TF-target_gene
Trp53,Prox1,TF-target_gene
Trp53,Psen1,TF-target_gene
Trp53,Psme3,TF-target_gene
Trp53,Ptgds,TF-target_gene
Trp53,Ptk2,TF-target_gene
Trp53,Ptprv,TF-target_gene
Trp53,Rap2b,TF-target_gene
Trp53,Reep5,TF-target_gene
Trp53,Rela,TF-target_gene
Trp53,Rps6ka1,TF-target_gene
Trp53,Runx1,TF-target_gene
Trp53,Sall2,TF-target_gene
Trp53,Sin3a,TF-target_gene
Trp53,Siva1,TF-target_gene
Trp53,Slc19a2,TF-target_gene
Trp53,Slc2a4,TF-target_gene
Trp53,Slc6a6,TF-target_gene
Trp53,Smad3,TF-target_gene
Trp53,Smurf1,TF-target_gene
Trp53,Sod2,TF-target_gene
Trp53,Src,TF-target_gene
Trp53,Srebf1,TF-target_gene
Trp53,Tcf4,TF-target_gene
Trp53,Tcf7l2,TF-target_gene
Trp53,Tff2,TF-target_gene
Trp53,Tpt1,TF-target_gene
Trp53,Trp53,TF-target_gene
Trp53,Tyms,TF-target_gene
Trp53,Uhrf1,TF-target_gene
Trp53,Zfp385a,TF-target_gene
Trp53,Klf4,TF-target_gene
Gtf2ird1,Ccl7,TF-target_gene
Gtf2ird1,Csrp2,TF-target_gene
Gtf2ird1,Dlk1,TF-target_gene
Gtf2ird1,Folr1,TF-target_gene
Gtf2ird1,Tgfb2,TF-target_gene
Gtf2ird1,Tgfbr2,TF-target_gene
Mapk12,Il18,TF-target_gene
Mapk12,Tnf,TF-target_gene
Mapk12,Il23a,TF-target_gene
Mapk12,Il12b,TF-target_gene
Mapk12,Il12a,TF-target_gene
Mapk12,Nos2,TF-target_gene
Mapk12,Il6,TF-target_gene
Mapk12,Il1b,TF-target_gene
Mapk12,Il1a,TF-target_gene
Atf6b,Bdnf,TF-target_gene
Atf6b,Crh,TF-target_gene
Atf6b,Fos,TF-target_gene
Atf6b,Fosb,TF-target_gene
Atf6b,Bcl2,TF-target_gene
Atf6b,Pdyn,TF-target_gene
Atf6b,Pcna,TF-target_gene
Atf6b,Mcl1,TF-target_gene
Atf6b,Npy,TF-target_gene
Atf6b,Arc,TF-target_gene
Stat3,Dmbt1,TF-target_gene
Stat3,Cpt1c,TF-target_gene
Stat3,Crip2,TF-target_gene
Stat3,Socs4,TF-target_gene
Stat3,Socs5,TF-target_gene
Stat3,Pfkp,TF-target_gene
Stat3,Krtap15,TF-target_gene
Stat3,Mapk1,TF-target_gene
Stat3,Vegfc,TF-target_gene
Stat3,Vegfb,TF-target_gene
Stat3,Vegfa,TF-target_gene
Stat3,Trh,TF-target_gene
Stat3,Tnfrsf8,TF-target_gene
Stat3,Tnf,TF-target_gene
Stat3,Socs2,TF-target_gene
Stat3,Stat3,TF-target_gene
Stat3,Sfrp4,TF-target_gene
Stat3,Apcs,TF-target_gene
Stat3,Socs7,TF-target_gene
Stat3,Ppargc1a,TF-target_gene
Stat3,Pim2,TF-target_gene
Stat3,Pim1,TF-target_gene
Stat3,Pik3r1,TF-target_gene
Stat3,Pgf,TF-target_gene
Stat3,Myd88,TF-target_gene
Stat3,Myc,TF-target_gene
Stat3,Mt1,TF-target_gene
Stat3,Mcl1,TF-target_gene
Stat3,Lep,TF-target_gene
Stat3,Il6,TF-target_gene
Stat3,Il2ra,TF-target_gene
Stat3,Hsp90ab1,TF-target_gene
Stat3,Hif1a,TF-target_gene
Stat3,Figf,TF-target_gene
Stat3,Crp,TF-target_gene
Stat3,Cpt1b,TF-target_gene
Stat3,Cpt1a,TF-target_gene
Stat3,Socs1,TF-target_gene
Stat3,Socs3,TF-target_gene
Stat3,Cebpd,TF-target_gene
Stat3,Cebpb,TF-target_gene
Stat3,Ccnd3,TF-target_gene
Stat3,Ccnd2,TF-target_gene
Stat3,Ccnd1,TF-target_gene
Stat3,Akt1,TF-target_gene
Stat3,Bace1,TF-target_gene
Stat3,Batf,TF-target_gene
Stat3,Bcl2,TF-target_gene
Stat3,Bcl2l1,TF-target_gene
Stat3,Cav1,TF-target_gene
Stat3,Ccl20,TF-target_gene
Stat3,Cdkn1b,TF-target_gene
Stat3,Cdkn2d,TF-target_gene
Stat3,Col1a1,TF-target_gene
Stat3,Cxcl11,TF-target_gene
Stat3,S1pr1,TF-target_gene
Stat3,Eed,TF-target_gene
Stat3,Egr1,TF-target_gene
Stat3,Entpd1,TF-target_gene
Stat3,Epor,TF-target_gene
Stat3,Fos,TF-target_gene
Stat3,Gfap,TF-target_gene
Stat3,Gfi1,TF-target_gene
Stat3,Hamp,TF-target_gene
Stat3,Hgf,TF-target_gene
Stat3,Igfbp5,TF-target_gene
Stat3,Il10,TF-target_gene
Stat3,Il12a,TF-target_gene
Stat3,Il17f,TF-target_gene
Stat3,Il21,TF-target_gene
Stat3,Il23a,TF-target_gene
Stat3,Jak3,TF-target_gene
Stat3,Klf4,TF-target_gene
Stat3,Lif,TF-target_gene
Stat3,Ly6a,TF-target_gene
Stat3,Maf,TF-target_gene
Stat3,Mdc1,TF-target_gene
Stat3,Mir21a,TF-target_gene
Stat3,Mmp1a,TF-target_gene
Stat3,Mmp2,TF-target_gene
Stat3,Mmp9,TF-target_gene
Stat3,Muc1,TF-target_gene
Stat3,Nhlh2,TF-target_gene
Stat3,Nkx2-5,TF-target_gene
Stat3,Nos2,TF-target_gene
Stat3,Nostrin,TF-target_gene
Stat3,Nr0b1,TF-target_gene
Stat3,Nt5e,TF-target_gene
Stat3,Pcsk1,TF-target_gene
Stat3,Phb,TF-target_gene
Stat3,Pkd1,TF-target_gene
Stat3,Pnp,TF-target_gene
Stat3,Prdm1,TF-target_gene
Stat3,Pten,TF-target_gene
Stat3,Rc3h1,TF-target_gene
Stat3,Reg3g,TF-target_gene
Stat3,Rela,TF-target_gene
Stat3,Rnls,TF-target_gene
Stat3,Slc9a3,TF-target_gene
Stat3,Sox6,TF-target_gene
Stat3,Spi1,TF-target_gene
Stat3,Srebf1,TF-target_gene
Stat3,Tcf4,TF-target_gene
Stat3,Tgfb1,TF-target_gene
Stat3,Trp53,TF-target_gene
Stat3,Twist1,TF-target_gene
Stat3,Twist2,TF-target_gene
Stat3,Vip,TF-target_gene
Stat3,Wnt3a,TF-target_gene
Rapgef3,mmu-miR-124-3p,TF-target_gene
Mapk11,Il6,TF-target_gene
Mapk11,Il1b,TF-target_gene
Mapk11,Il1a,TF-target_gene
Mapk11,Il18,TF-target_gene
Mapk11,Il12b,TF-target_gene
Mapk11,Il12a,TF-target_gene
Mapk11,Il23a,TF-target_gene
Mapk11,Tnf,TF-target_gene
Mapk11,Nos2,TF-target_gene
Raf1,Mapk1,TF-target_gene
Mapk9,Il18,TF-target_gene
Mapk9,Il1a,TF-target_gene
Mapk9,Nos2,TF-target_gene
Mapk9,Tnf,TF-target_gene
Mapk9,Il23a,TF-target_gene
Mapk9,Il1b,TF-target_gene
Mapk9,Il6,TF-target_gene
Mapk9,Jun,TF-target_gene
Mapk9,Smad4,TF-target_gene
Mapk9,Il12a,TF-target_gene
Mapk9,Il12b,TF-target_gene
Creb3l3,Mitf,TF-target_gene
Creb3l3,Fosb,TF-target_gene
Creb3l3,Fos,TF-target_gene
Creb3l3,Crh,TF-target_gene
Creb3l3,Bdnf,TF-target_gene
Creb3l3,Bcl2,TF-target_gene
Creb3l3,Npy,TF-target_gene
Creb3l3,Aqp2,TF-target_gene
Creb3l3,Arc,TF-target_gene
Creb3l3,Pdyn,TF-target_gene
Creb3l3,Pcna,TF-target_gene
Creb3l3,Mcl1,TF-target_gene
Creb3l3,Hamp,TF-target_gene
Creb3l3,Smurf1,TF-target_gene
Gli3,Wnt16,TF-target_gene
Gli3,Wnt8b,TF-target_gene
Gli3,Wnt7b,TF-target_gene
Gli3,Wnt7a,TF-target_gene
Gli3,Wnt6,TF-target_gene
Gli3,Wnt5b,TF-target_gene
Gli3,Wnt5a,TF-target_gene
Gli3,Wnt4,TF-target_gene
Gli3,Wnt3a,TF-target_gene
Gli3,Wnt3,TF-target_gene
Gli3,Wnt2b,TF-target_gene
Gli3,Wnt2,TF-target_gene
Gli3,Wnt9b,TF-target_gene
Gli3,Wnt11,TF-target_gene
Gli3,Wnt10b,TF-target_gene
Gli3,Wnt10a,TF-target_gene
Gli3,Wnt1,TF-target_gene
Gli3,Wnt9a,TF-target_gene
Gli3,Gli1,TF-target_gene
Gli3,Bmp4,TF-target_gene
Gli3,Bmp2,TF-target_gene
Gli3,Wnt8a,TF-target_gene
Gli3,Shh,TF-target_gene
Gli3,Ptch2,TF-target_gene
Gli3,Ptch1,TF-target_gene
Gli3,Myf5,TF-target_gene
Gli3,Foxa2,TF-target_gene
Gli3,Hhip,TF-target_gene
Gli3,Gli3,TF-target_gene
Gli3,Gli2,TF-target_gene
Gli3,Fgf8,TF-target_gene
Gli3,Has2,TF-target_gene
Gli3,Nkx6-1,TF-target_gene
Gli3,Pitrm1,TF-target_gene
Gli3,Pvr,TF-target_gene
Nfatc1,Tnf,TF-target_gene
Nfatc1,Aqp2,TF-target_gene
Nfatc1,B3gat1,TF-target_gene
Nfatc1,Bmp7,TF-target_gene
Nfatc1,Cx3cr1,TF-target_gene
Nfatc1,Csf2,TF-target_gene
Nfatc1,Dcstamp,TF-target_gene
Nfatc1,Foxp3,TF-target_gene
Nfatc1,Il12b,TF-target_gene
Nfatc1,Il2,TF-target_gene
Nfatc1,Il2ra,TF-target_gene
Nfatc1,Il4,TF-target_gene
Nfatc1,Itgb3,TF-target_gene
Nfatc1,Oscar,TF-target_gene
Nfatc1,Pag1,TF-target_gene
Ep300,Cdkn1a,TF-target_gene
Ep300,LOC100042025,TF-target_gene
Ep300,LOC100048117,TF-target_gene
Ep300,Angpt1,TF-target_gene
Ep300,Angpt2,TF-target_gene
Ep300,Angpt4,TF-target_gene
Ep300,Aldoa,TF-target_gene
Ep300,Bcl2,TF-target_gene
Ep300,Cdkn1b,TF-target_gene
Ep300,Cdkn2b,TF-target_gene
Ep300,Edn1,TF-target_gene
Ep300,Egf,TF-target_gene
Ep300,Eno1,TF-target_gene
Ep300,Eno2,TF-target_gene
Ep300,Eno3,TF-target_gene
Ep300,Epo,TF-target_gene
Ep300,Fasl,TF-target_gene
Ep300,Figf,TF-target_gene
Ep300,Flt1,TF-target_gene
Ep300,Gapdh,TF-target_gene
Ep300,Hk1,TF-target_gene
Ep300,Hk2,TF-target_gene
Ep300,Hmox1,TF-target_gene
Ep300,Ldha,TF-target_gene
Ep300,Ltbr,TF-target_gene
Ep300,Pfkfb3,TF-target_gene
Ep300,Mitf,TF-target_gene
Ep300,Nos2,TF-target_gene
Ep300,Nos3,TF-target_gene
Ep300,Pfkfb1,TF-target_gene
Ep300,Pfkfb2,TF-target_gene
Ep300,Pfkl,TF-target_gene
Ep300,Pgf,TF-target_gene
Ep300,Pgk1,TF-target_gene
Ep300,Serpine1,TF-target_gene
Ep300,Slc2a1,TF-target_gene
Ep300,Hk3,TF-target_gene
Ep300,Hkdc1,TF-target_gene
Ep300,Tek,TF-target_gene
Ep300,Timp1,TF-target_gene
Ep300,Trf,TF-target_gene
Ep300,Tfrc,TF-target_gene
Ep300,Vegfa,TF-target_gene
Ep300,Vegfb,TF-target_gene
Ep300,Vegfc,TF-target_gene
Ep300,Pdk1,TF-target_gene
Ep300,Nppa,TF-target_gene
Ep300,Pfkfb4,TF-target_gene
Ep300,Gm5506,TF-target_gene
Ep300,Aldh3a1,TF-target_gene
Ep300,Axin2,TF-target_gene
Ep300,Bglap,TF-target_gene
Ep300,Birc5,TF-target_gene
Ep300,COX2,TF-target_gene
Ep300,Cav3,TF-target_gene
Ep300,Ccnb2,TF-target_gene
Ep300,Ccnd1,TF-target_gene
Ep300,Chrne,TF-target_gene
Ep300,Clock,TF-target_gene
Ep300,Col1a2,TF-target_gene
Ep300,Col2a1,TF-target_gene
Ep300,Cpt1b,TF-target_gene
Ep300,Creb1,TF-target_gene
Ep300,Cryab,TF-target_gene
Ep300,Dnmt1,TF-target_gene
Ep300,F7,TF-target_gene
Ep300,Fasn,TF-target_gene
Ep300,Flt4,TF-target_gene
Ep300,Fn1,TF-target_gene
Ep300,Fos,TF-target_gene
Ep300,Gata4,TF-target_gene
Ep300,Hrh4,TF-target_gene
Ep300,Il6,TF-target_gene
Ep300,Irf2,TF-target_gene
Ep300,Irs1,TF-target_gene
Ep300,Klf5,TF-target_gene
Ep300,Mef2c,TF-target_gene
Ep300,Hinfp,TF-target_gene
Ep300,Mmp2,TF-target_gene
Ep300,Mmp9,TF-target_gene
Ep300,Mt1,TF-target_gene
Ep300,Myb,TF-target_gene
Ep300,Myod1,TF-target_gene
Ep300,Neurod1,TF-target_gene
Ep300,Npas2,TF-target_gene
Ep300,Npr1,TF-target_gene
Ep300,Nr0b2,TF-target_gene
Ep300,Nr1h4,TF-target_gene
Ep300,Pou5f1,TF-target_gene
Ep300,Pparg,TF-target_gene
Ep300,Ptgs2,TF-target_gene
Ep300,Rarb,TF-target_gene
Ep300,Rs1,TF-target_gene
Ep300,Scd1,TF-target_gene
Ep300,Smad3,TF-target_gene
Ep300,Socs3,TF-target_gene
Ep300,Spp1,TF-target_gene
Ep300,Stat5a,TF-target_gene
Ep300,Tapbp,TF-target_gene
Ep300,Tff2,TF-target_gene
Ep300,Tnfsf10,TF-target_gene
Ep300,Tnfsf13b,TF-target_gene
Ep300,Txnip,TF-target_gene
Ep300,Wnt4,TF-target_gene
Nfkbia,Nfkb1,TF-target_gene
Nfkbia,Ptgs2,TF-target_gene
Gli1,Wnt2,TF-target_gene
Gli1,Wnt2b,TF-target_gene
Gli1,Wnt3,TF-target_gene
Gli1,Wnt3a,TF-target_gene
Gli1,Wnt4,TF-target_gene
Gli1,Wnt5a,TF-target_gene
Gli1,Wnt5b,TF-target_gene
Gli1,Wnt6,TF-target_gene
Gli1,Wnt7a,TF-target_gene
Gli1,Wnt7b,TF-target_gene
Gli1,Wnt8b,TF-target_gene
Gli1,Bmp2,TF-target_gene
Gli1,Bmp4,TF-target_gene
Gli1,Gli1,TF-target_gene
Gli1,Gli2,TF-target_gene
Gli1,Gli3,TF-target_gene
Gli1,Hhip,TF-target_gene
Gli1,Foxa2,TF-target_gene
Gli1,Myf5,TF-target_gene
Gli1,Nkx2-9,TF-target_gene
Gli1,Ptch1,TF-target_gene
Gli1,Ptch2,TF-target_gene
Gli1,Shh,TF-target_gene
Gli1,Wnt8a,TF-target_gene
Gli1,Wnt9a,TF-target_gene
Gli1,Wnt1,TF-target_gene
Gli1,Wnt10a,TF-target_gene
Gli1,Wnt10b,TF-target_gene
Gli1,Wnt11,TF-target_gene
Gli1,Wnt16,TF-target_gene
Gli1,Wnt9b,TF-target_gene
Gli1,Cdh1,TF-target_gene
Gli1,Foxm1,TF-target_gene
Gli1,Has2,TF-target_gene
Gli1,Nhlh1,TF-target_gene
Gli1,Pdgfra,TF-target_gene
Gli1,Pvr,TF-target_gene
Gli1,Runx2,TF-target_gene
Gli1,Runx3,TF-target_gene
Sos2,Myc,TF-target_gene
Sos2,Spry3,TF-target_gene
Sos2,Spry1,TF-target_gene
Sos2,Ccnd1,TF-target_gene
Sos2,Spry2,TF-target_gene
Sos2,Ccnd2,TF-target_gene
Sos2,Spry4,TF-target_gene
Sos2,Ccnd3,TF-target_gene
Sos2,Bcl2l1,TF-target_gene
Sos2,Spred2,TF-target_gene
Sos2,Spred1,TF-target_gene
Sos2,Spred3,TF-target_gene
Mapk10,Il6,TF-target_gene
Mapk10,Il23a,TF-target_gene
Mapk10,Tnf,TF-target_gene
Mapk10,Nos2,TF-target_gene
Mapk10,Smad4,TF-target_gene
Mapk10,Jun,TF-target_gene
Mapk10,Il1b,TF-target_gene
Mapk10,Il1a,TF-target_gene
Mapk10,Il18,TF-target_gene
Mapk10,Il12b,TF-target_gene
Mapk10,Il12a,TF-target_gene
Grin1,Cox4i1,TF-target_gene
Junb,Il12b,TF-target_gene
Junb,Ccnd1,TF-target_gene
Junb,Ctsk,TF-target_gene
Junb,Foxp3,TF-target_gene
Junb,Il31,TF-target_gene
Junb,Il4,TF-target_gene
Junb,Mmp2,TF-target_gene
Junb,Myl9,TF-target_gene
Junb,Plau,TF-target_gene
Junb,Serpine1,TF-target_gene
Atf2,Npy,TF-target_gene
Atf2,Bdnf,TF-target_gene
Atf2,Bcl2,TF-target_gene
Atf2,Arc,TF-target_gene
Atf2,Pparg,TF-target_gene
Atf2,Pdyn,TF-target_gene
Atf2,Pcna,TF-target_gene
Atf2,Mcl1,TF-target_gene
Atf2,Fosb,TF-target_gene
Atf2,Fos,TF-target_gene
Atf2,Crh,TF-target_gene
Atf2,Ccnd1,TF-target_gene
Atf2,Cebpa,TF-target_gene
Atf2,Entpd1,TF-target_gene
Atf2,Fgf21,TF-target_gene
Atf2,Gabrb3,TF-target_gene
Atf2,Il23a,TF-target_gene
Atf2,Ins2,TF-target_gene
Atf2,Per1,TF-target_gene
Atf2,Rela,TF-target_gene
Atf2,Rhob,TF-target_gene
Atf2,Serpinb5,TF-target_gene
Atf2,Sox9,TF-target_gene
Atf2,Tnf,TF-target_gene
Atf2,Ucp1,TF-target_gene
Creb3l1,Mitf,TF-target_gene
Creb3l1,Pcna,TF-target_gene
Creb3l1,Pdyn,TF-target_gene
Creb3l1,Npy,TF-target_gene
Creb3l1,Aqp2,TF-target_gene
Creb3l1,Arc,TF-target_gene
Creb3l1,Bcl2,TF-target_gene
Creb3l1,Bdnf,TF-target_gene
Creb3l1,Crh,TF-target_gene
Creb3l1,Fos,TF-target_gene
Creb3l1,Fosb,TF-target_gene
Creb3l1,Mcl1,TF-target_gene
Creb3l1,Gcm1,TF-target_gene
Creb3l1,Mmp3,TF-target_gene
Creb3l1,Slc1a4,TF-target_gene
Creb3,Npy,TF-target_gene
Creb3,Fosb,TF-target_gene
Creb3,Mcl1,TF-target_gene
Creb3,Pdyn,TF-target_gene
Creb3,Pcna,TF-target_gene
Creb3,Mitf,TF-target_gene
Creb3,Fos,TF-target_gene
Creb3,Crh,TF-target_gene
Creb3,Bdnf,TF-target_gene
Creb3,Bcl2,TF-target_gene
Creb3,Arc,TF-target_gene
Creb3,Aqp2,TF-target_gene
Creb3,Apoa4,TF-target_gene
Creb3,Herpud1,TF-target_gene
Akt1,mmu-miR-21a-5p,TF-target_gene
Crebbp,Vegfc,TF-target_gene
Crebbp,Vegfa,TF-target_gene
Crebbp,Tfrc,TF-target_gene
Crebbp,Trf,TF-target_gene
Crebbp,Timp1,TF-target_gene
Crebbp,Tek,TF-target_gene
Crebbp,Hkdc1,TF-target_gene
Crebbp,Hk3,TF-target_gene
Crebbp,Slc2a1,TF-target_gene
Crebbp,Serpine1,TF-target_gene
Crebbp,Pgk1,TF-target_gene
Crebbp,Pgf,TF-target_gene
Crebbp,Pfkl,TF-target_gene
Crebbp,Bcl2,TF-target_gene
Crebbp,Gm5506,TF-target_gene
Crebbp,Pfkfb4,TF-target_gene
Crebbp,Nppa,TF-target_gene
Crebbp,Pdk1,TF-target_gene
Crebbp,Vegfb,TF-target_gene
Crebbp,Pfkfb2,TF-target_gene
Crebbp,Pfkfb1,TF-target_gene
Crebbp,Nos3,TF-target_gene
Crebbp,Aldoa,TF-target_gene
Crebbp,Nos2,TF-target_gene
Crebbp,Mitf,TF-target_gene
Crebbp,Pfkfb3,TF-target_gene
Crebbp,Ltbr,TF-target_gene
Crebbp,Ldha,TF-target_gene
Crebbp,Angpt4,TF-target_gene
Crebbp,Hmox1,TF-target_gene
Crebbp,Hk2,TF-target_gene
Crebbp,LOC100042025,TF-target_gene
Crebbp,Hk1,TF-target_gene
Crebbp,Gapdh,TF-target_gene
Crebbp,LOC100048117,TF-target_gene
Crebbp,Flt1,TF-target_gene
Crebbp,Figf,TF-target_gene
Crebbp,Fasl,TF-target_gene
Crebbp,Angpt1,TF-target_gene
Crebbp,Angpt2,TF-target_gene
Crebbp,Epo,TF-target_gene
Crebbp,Eno3,TF-target_gene
Crebbp,Eno2,TF-target_gene
Crebbp,Eno1,TF-target_gene
Crebbp,Egf,TF-target_gene
Crebbp,Edn1,TF-target_gene
Crebbp,Cdkn2b,TF-target_gene
Crebbp,Cdkn1b,TF-target_gene
Crebbp,Cdkn1a,TF-target_gene
Crebbp,Alx1,TF-target_gene
Crebbp,Birc5,TF-target_gene
Crebbp,Tdgf1,TF-target_gene
Crebbp,Clock,TF-target_gene
Crebbp,Crebbp,TF-target_gene
Crebbp,Crx,TF-target_gene
Crebbp,Cryab,TF-target_gene
Crebbp,Cyp11a1,TF-target_gene
Crebbp,Ep300,TF-target_gene
Crebbp,Esr1,TF-target_gene
Crebbp,F7,TF-target_gene
Crebbp,Fos,TF-target_gene
Crebbp,Fosb,TF-target_gene
Crebbp,Foxp3,TF-target_gene
Crebbp,Fth1,TF-target_gene
Crebbp,Gh,TF-target_gene
Crebbp,Grip1,TF-target_gene
Crebbp,Hgf,TF-target_gene
Crebbp,Ifnb1,TF-target_gene
Crebbp,Il6,TF-target_gene
Crebbp,Krt16,TF-target_gene
Crebbp,Med1,TF-target_gene
Crebbp,Hinfp,TF-target_gene
Crebbp,Mt1,TF-target_gene
Crebbp,Myh1,TF-target_gene
Crebbp,Nfkb1,TF-target_gene
Crebbp,Nfya,TF-target_gene
Crebbp,Nfyb,TF-target_gene
Crebbp,Npas2,TF-target_gene
Crebbp,Per1,TF-target_gene
Crebbp,Rs1,TF-target_gene
Crebbp,Setdb1,TF-target_gene
Crebbp,Socs3,TF-target_gene
Crebbp,Spib,TF-target_gene
Crebbp,Sst,TF-target_gene
Crebbp,Star,TF-target_gene
Crebbp,Tnf,TF-target_gene
Crebbp,Trp53,TF-target_gene
Atf4,Bdnf,TF-target_gene
Atf4,Npy,TF-target_gene
Atf4,Arc,TF-target_gene
Atf4,Bcl2,TF-target_gene
Atf4,Crh,TF-target_gene
Atf4,Ddit3,TF-target_gene
Atf4,Fos,TF-target_gene
Atf4,Fosb,TF-target_gene
Atf4,Mcl1,TF-target_gene
Atf4,Pcna,TF-target_gene
Atf4,Pdyn,TF-target_gene
Atf4,Bglap3,TF-target_gene
Atf4,Cdkn1a,TF-target_gene
Atf4,Cdkn1b,TF-target_gene
Atf4,Ddr2,TF-target_gene
Atf4,Fgf15,TF-target_gene
Atf4,Fgf2,TF-target_gene
Atf4,Hspa5,TF-target_gene
Atf4,Ihh,TF-target_gene
Atf4,Il6,TF-target_gene
Atf4,Mcm7,TF-target_gene
Atf4,Mir106b,TF-target_gene
Atf4,Sphk2,TF-target_gene
Atf4,Trib3,TF-target_gene
Mapk3,Pdyn,TF-target_gene
Mapk3,Il18,TF-target_gene
Mapk3,Ccnd1,TF-target_gene
Mapk3,Cdk4,TF-target_gene
Mapk3,Il12a,TF-target_gene
Mapk3,Il12b,TF-target_gene
Mapk3,Il23a,TF-target_gene
Mapk3,LOC640611,TF-target_gene
Mapk3,Tnf,TF-target_gene
Mapk3,Nos2,TF-target_gene
Mapk3,Il6,TF-target_gene
Mapk3,Il1b,TF-target_gene
Mapk3,Il1a,TF-target_gene
Creb5,Fosb,TF-target_gene
Creb5,Fos,TF-target_gene
Creb5,Crh,TF-target_gene
Creb5,Arc,TF-target_gene
Creb5,Aqp2,TF-target_gene
Creb5,Npy,TF-target_gene
Creb5,Bdnf,TF-target_gene
Creb5,Pdyn,TF-target_gene
Creb5,Bcl2,TF-target_gene
Creb5,Pcna,TF-target_gene
Creb5,Mcl1,TF-target_gene
Rela,Figf,TF-target_gene
Rela,Afp,TF-target_gene
Rela,Akt1,TF-target_gene
Rela,Birc3,TF-target_gene
Rela,Birc2,TF-target_gene
Rela,Xiap,TF-target_gene
Rela,Bcl2,TF-target_gene
Rela,Bcl2a1a,TF-target_gene
Rela,Bcl2a1b,TF-target_gene
Rela,Bcl2a1c,TF-target_gene
Rela,Bcl2a1d,TF-target_gene
Rela,Bcl2l1,TF-target_gene
Rela,Bik,TF-target_gene
Rela,Blk,TF-target_gene
Rela,Casp8,TF-target_gene
Rela,Ccnd1,TF-target_gene
Rela,Cebpb,TF-target_gene
Rela,Cebpg,TF-target_gene
Rela,Chat,TF-target_gene
Rela,Socs3,TF-target_gene
Rela,F3,TF-target_gene
Rela,Fas,TF-target_gene
Rela,Fasl,TF-target_gene
Rela,Cxcl1,TF-target_gene
Rela,Hif1a,TF-target_gene
Rela,Cxcl10,TF-target_gene
Rela,Ifnb1,TF-target_gene
Rela,Il12a,TF-target_gene
Rela,Il12b,TF-target_gene
Rela,Il18,TF-target_gene
Rela,Il1a,TF-target_gene
Rela,Il1b,TF-target_gene
Rela,Il2,TF-target_gene
Rela,Il2ra,TF-target_gene
Rela,Ebi3,TF-target_gene
Rela,Birc7,TF-target_gene
Rela,Ep300,TF-target_gene
Rela,Tnfsf15,TF-target_gene
Rela,Sh2d3c,TF-target_gene
Rela,Wt1,TF-target_gene
Rela,Vegfc,TF-target_gene
Rela,Vegfb,TF-target_gene
Rela,Vegfa,TF-target_gene
Rela,Vcam1,TF-target_gene
Rela,Traf6,TF-target_gene
Rela,Traf5,TF-target_gene
Rela,Traf4,TF-target_gene
Rela,Traf3,TF-target_gene
Rela,Traf2,TF-target_gene
Rela,Traf1,TF-target_gene
Rela,Tnfrsf10b,TF-target_gene
Rela,Tnfaip3,TF-target_gene
Rela,Tnf,TF-target_gene
Rela,Tert,TF-target_gene
Rela,Cxcl2,TF-target_gene
Rela,Ccl4,TF-target_gene
Rela,Ccl2,TF-target_gene
Rela,Relb,TF-target_gene
Rela,Rel,TF-target_gene
Rela,Ptgs2,TF-target_gene
Rela,Atp12a,TF-target_gene
Rela,Ppara,TF-target_gene
Rela,Plau,TF-target_gene
Rela,Pgf,TF-target_gene
Rela,Pcna,TF-target_gene
Rela,Olfr54,TF-target_gene
Rela,Nos2,TF-target_gene
Rela,Nfkbia,TF-target_gene
Rela,Nfkb2,TF-target_gene
Rela,Gadd45b,TF-target_gene
Rela,Myc,TF-target_gene
Rela,Myb,TF-target_gene
Rela,Mmp9,TF-target_gene
Rela,Cxcl9,TF-target_gene
Rela,Smad7,TF-target_gene
Rela,Il6,TF-target_gene
Rela,Nol3,TF-target_gene
Rela,Il23a,TF-target_gene
Rela,Agt,TF-target_gene
Rela,Apoe,TF-target_gene
Rela,Cdkn2a,TF-target_gene
Rela,Bmp2,TF-target_gene
Rela,Cacna1c,TF-target_gene
Rela,Ccl12,TF-target_gene
Rela,Ccl20,TF-target_gene
Rela,Ccl5,TF-target_gene
Rela,Cd38,TF-target_gene
Rela,Cd40,TF-target_gene
Rela,Cd80,TF-target_gene
Rela,Cd86,TF-target_gene
Rela,Cdk9,TF-target_gene
Rela,Cdkn1b,TF-target_gene
Rela,Cdx2,TF-target_gene
Rela,Cflar,TF-target_gene
Rela,Cldn5,TF-target_gene
Rela,Col1a1,TF-target_gene
Rela,Csf1,TF-target_gene
Rela,Cxadr,TF-target_gene
Rela,Cxcl11,TF-target_gene
Rela,Cxcl15,TF-target_gene
Rela,Cxcr4,TF-target_gene
Rela,Cyp11a1,TF-target_gene
Rela,Dcst1,TF-target_gene
Rela,Dcst2,TF-target_gene
Rela,Dmp1,TF-target_gene
Rela,Dnmt1,TF-target_gene
Rela,Duox2,TF-target_gene
Rela,Epas1,TF-target_gene
Rela,Kdm2a,TF-target_gene
Rela,Fn1,TF-target_gene
Rela,Fos,TF-target_gene
Rela,Fth1,TF-target_gene
Rela,Gabre,TF-target_gene
Rela,Gli1,TF-target_gene
Rela,Hes1,TF-target_gene
Rela,Hgf,TF-target_gene
Rela,Hk,TF-target_gene
Rela,Hsd11b2,TF-target_gene
Rela,Icam1,TF-target_gene
Rela,Ifng,TF-target_gene
Rela,Igf2bp2,TF-target_gene
Rela,Igk,TF-target_gene
Rela,Il10,TF-target_gene
Rela,Il4,TF-target_gene
Rela,Il9,TF-target_gene
Rela,Irf4,TF-target_gene
Rela,Itch,TF-target_gene
Rela,Klf5,TF-target_gene
Rela,Klrb1c,TF-target_gene
Rela,Ltc4s,TF-target_gene
Rela,Map3k8,TF-target_gene
Rela,Met,TF-target_gene
Rela,Mgmt,TF-target_gene
Rela,Mmp3,TF-target_gene
Rela,Mmp14,TF-target_gene
Rela,Nfkb1,TF-target_gene
Rela,Ngb,TF-target_gene
Rela,Nrf1,TF-target_gene
Rela,Pdk4,TF-target_gene
Rela,Pecam1,TF-target_gene
Rela,Pglyrp1,TF-target_gene
Rela,Phex,TF-target_gene
Rela,Ppm1d,TF-target_gene
Rela,Psme2,TF-target_gene
Rela,Ptafr,TF-target_gene
Rela,Pten,TF-target_gene
Rela,Ptpn1,TF-target_gene
Rela,Reg3b,TF-target_gene
Rela,Ripk2,TF-target_gene
Rela,Rorc,TF-target_gene
Rela,Selp,TF-target_gene
Rela,Serpine2,TF-target_gene
Rela,Shh,TF-target_gene
Rela,Slc1a2,TF-target_gene
Rela,Slc2a4,TF-target_gene
Rela,Sod2,TF-target_gene
Rela,Sox9,TF-target_gene
Rela,Stim1,TF-target_gene
Rela,Stk39,TF-target_gene
Rela,Tcrg-C1,TF-target_gene
Rela,Tec,TF-target_gene
Rela,Tlr2,TF-target_gene
Rela,Tnfrsf4,TF-target_gene
Rela,Tnfsf13b,TF-target_gene
Rela,Trim63,TF-target_gene
Rela,Trp53,TF-target_gene
Rela,Trp63,TF-target_gene
Rela,Trp73,TF-target_gene
Rela,Twist1,TF-target_gene
Rela,Upp1,TF-target_gene
Rela,Yy1,TF-target_gene
Stat1,Cxcl11,TF-target_gene
Stat1,Bcl6,TF-target_gene
Stat1,Ciita,TF-target_gene
Stat1,Casp4,TF-target_gene
Stat1,Ccnd1,TF-target_gene
Stat1,Ccnd2,TF-target_gene
Stat1,Ccnd3,TF-target_gene
Stat1,Socs3,TF-target_gene
Stat1,Socs1,TF-target_gene
Stat1,Fas,TF-target_gene
Stat1,Figf,TF-target_gene
Stat1,Cxcl10,TF-target_gene
Stat1,Il2ra,TF-target_gene
Stat1,Cxcl9,TF-target_gene
Stat1,Mt1,TF-target_gene
Stat1,Myc,TF-target_gene
Stat1,Myd88,TF-target_gene
Stat1,Nos2,TF-target_gene
Stat1,Pgf,TF-target_gene
Stat1,Pik3r1,TF-target_gene
Stat1,Pim1,TF-target_gene
Stat1,Pparg,TF-target_gene
Stat1,Socs7,TF-target_gene
Stat1,Shh,TF-target_gene
Stat1,Socs2,TF-target_gene
Stat1,Nkx2-1,TF-target_gene
Stat1,Scgb1a1,TF-target_gene
Stat1,Krtap15,TF-target_gene
Stat1,Mapk1,TF-target_gene
Stat1,Gbp5,TF-target_gene
Stat1,Vegfc,TF-target_gene
Stat1,Tnfrsf8,TF-target_gene
Stat1,Socs4,TF-target_gene
Stat1,Socs5,TF-target_gene
Stat1,Vegfa,TF-target_gene
Stat1,Vegfb,TF-target_gene
Stat1,Pfkp,TF-target_gene
Stat1,App,TF-target_gene
Stat1,Bace1,TF-target_gene
Stat1,Cd36,TF-target_gene
Stat1,Cd40,TF-target_gene
Stat1,Cebpd,TF-target_gene
Stat1,Cfb,TF-target_gene
Stat1,Duox2,TF-target_gene
Stat1,Egr1,TF-target_gene
Stat1,Fcgr1,TF-target_gene
Stat1,Gbp2,TF-target_gene
Stat1,Gfi1,TF-target_gene
Stat1,Ifnb1,TF-target_gene
Stat1,Ifng,TF-target_gene
Stat1,Il27,TF-target_gene
Stat1,Il6,TF-target_gene
Stat1,Irf1,TF-target_gene
Stat1,Irf7,TF-target_gene
Stat1,Irf9,TF-target_gene
Stat1,Mdm2,TF-target_gene
Stat1,Pdcd1,TF-target_gene
Stat1,Pou3f1,TF-target_gene
Stat1,Rc3h1,TF-target_gene
Stat1,Runx2,TF-target_gene
Stat1,Tbx21,TF-target_gene
Stat1,Trp53,TF-target_gene
Stat1,Upp1,TF-target_gene
Jun,Myod1,TF-target_gene
Jun,Myb,TF-target_gene
Jun,Nudt1,TF-target_gene
Jun,Mt3,TF-target_gene
Jun,Msx1,TF-target_gene
Jun,Mmp9,TF-target_gene
Jun,Mmp3,TF-target_gene
Jun,Krt12,TF-target_gene
Jun,Prdx6,TF-target_gene
Jun,Apoa1,TF-target_gene
Jun,Apoc3,TF-target_gene
Jun,App,TF-target_gene
Jun,Atp10a,TF-target_gene
Jun,Bcl3,TF-target_gene
Jun,Bdkrb1,TF-target_gene
Jun,Cacna1e,TF-target_gene
Jun,Ccnd1,TF-target_gene
Jun,Ccnd2,TF-target_gene
Jun,Ccnd3,TF-target_gene
Jun,Cd5,TF-target_gene
Jun,Cdk4,TF-target_gene
Jun,Cdk5,TF-target_gene
Jun,Cftr,TF-target_gene
Jun,Col5a1,TF-target_gene
Jun,Col7a1,TF-target_gene
Jun,Col1a1,TF-target_gene
Jun,Crabp1,TF-target_gene
Jun,Csf1,TF-target_gene
Jun,Csf2,TF-target_gene
Jun,Ncan,TF-target_gene
Jun,Ctsl,TF-target_gene
Jun,Dbh,TF-target_gene
Jun,Ecm1,TF-target_gene
Jun,Egr1,TF-target_gene
Jun,Egr2,TF-target_gene
Jun,F3,TF-target_gene
Jun,Fasl,TF-target_gene
Jun,Fgfr1,TF-target_gene
Jun,Fgl2,TF-target_gene
Jun,Figf,TF-target_gene
Jun,Fos,TF-target_gene
Jun,Gad1,TF-target_gene
Jun,Gba,TF-target_gene
Jun,Gja5,TF-target_gene
Jun,Gnrhr,TF-target_gene
Jun,Gria2,TF-target_gene
Jun,Nr3c1,TF-target_gene
Jun,Gstm1,TF-target_gene
Jun,Gzmb,TF-target_gene
Jun,H2-L,TF-target_gene
Jun,Hbegf,TF-target_gene
Jun,Hfe,TF-target_gene
Jun,Slc6a4,TF-target_gene
Jun,Elavl1,TF-target_gene
Jun,Ifnb1,TF-target_gene
Jun,Il12b,TF-target_gene
Jun,Mmp2,TF-target_gene
Jun,Mmp13,TF-target_gene
Jun,Met,TF-target_gene
Jun,Ly9,TF-target_gene
Jun,Ltf,TF-target_gene
Jun,Ldb1,TF-target_gene
Jun,Klf4,TF-target_gene
Jun,Klf1,TF-target_gene
Jun,Jund,TF-target_gene
Jun,Jun,TF-target_gene
Jun,Il9,TF-target_gene
Jun,Il7r,TF-target_gene
Jun,Il6,TF-target_gene
Jun,Il5ra,TF-target_gene
Jun,Il5,TF-target_gene
Jun,Il4,TF-target_gene
Jun,Il2,TF-target_gene
Jun,Il13,TF-target_gene
Jun,Mmp1b,TF-target_gene
Jun,Mmp1a,TF-target_gene
Jun,Nacc1,TF-target_gene
Jun,LOC640611,TF-target_gene
Jun,Prdx5,TF-target_gene
Jun,Rdh7,TF-target_gene
Jun,Prdx3,TF-target_gene
Jun,Mapk3,TF-target_gene
Jun,Ifi205,TF-target_gene
Jun,Vim,TF-target_gene
Jun,Vegfc,TF-target_gene
Jun,Vegfb,TF-target_gene
Jun,Vegfa,TF-target_gene
Jun,Ucp2,TF-target_gene
Jun,Ttr,TF-target_gene
Jun,Trp53-ps,TF-target_gene
Jun,Tnfrsf8,TF-target_gene
Jun,Tnf,TF-target_gene
Jun,Tlr4,TF-target_gene
Jun,Timp1,TF-target_gene
Jun,Th,TF-target_gene
Jun,Tgm1,TF-target_gene
Jun,Tff3,TF-target_gene
Jun,Tesk1,TF-target_gene
Jun,Tapbp,TF-target_gene
Jun,Sdc4,TF-target_gene
Jun,Sdc1,TF-target_gene
Jun,Star,TF-target_gene
Jun,Spp1,TF-target_gene
Jun,Slc20a1,TF-target_gene
Jun,Sftpb,TF-target_gene
Jun,Sfpi1,TF-target_gene
Jun,Cxcl2,TF-target_gene
Jun,Relb,TF-target_gene
Jun,Rela,TF-target_gene
Jun,Rdh16,TF-target_gene
Jun,Ptgs2,TF-target_gene
Jun,Ptgs1,TF-target_gene
Jun,Prh1,TF-target_gene
Jun,Prkar1b,TF-target_gene
Jun,Ppara,TF-target_gene
Jun,Plau,TF-target_gene
Jun,Pgf,TF-target_gene
Jun,Pah,TF-target_gene
Jun,Tnfrsf11b,TF-target_gene
Jun,Olfr54,TF-target_gene
Jun,Nrf1,TF-target_gene
Jun,Nos2,TF-target_gene
Jun,Klk1b4,TF-target_gene
Jun,Nfkb1,TF-target_gene
Jun,Nfe2l1,TF-target_gene
Jun,Nfatc1,TF-target_gene
Jun,Nat2,TF-target_gene
Jun,Emilin1,TF-target_gene
Jun,Slc38a1,TF-target_gene
Jun,Rdh1,TF-target_gene
Jun,Aanat,TF-target_gene
Jun,Acp5,TF-target_gene
Jun,Crisp1,TF-target_gene
Jun,Aldh1a1,TF-target_gene
Jun,Aldh3a1,TF-target_gene
Jun,Angpt2,TF-target_gene
Jun,Aqp5,TF-target_gene
Jun,Asah1,TF-target_gene
Jun,B4galnt1,TF-target_gene
Jun,Bmp2,TF-target_gene
Jun,C1qtnf3,TF-target_gene
Jun,Cat,TF-target_gene
Jun,Ccl12,TF-target_gene
Jun,Ccl2,TF-target_gene
Jun,Ccl5,TF-target_gene
Jun,Cd14,TF-target_gene
Jun,Cdkn2a,TF-target_gene
Jun,Cebpd,TF-target_gene
Jun,Col10a1,TF-target_gene
Jun,Col3a1,TF-target_gene
Jun,Crh,TF-target_gene
Jun,Csf1r,TF-target_gene
Jun,Ctse,TF-target_gene
Jun,Ctsk,TF-target_gene
Jun,Cxcl1,TF-target_gene
Jun,Cxcl15,TF-target_gene
Jun,Cyp11a1,TF-target_gene
Jun,Cyp19a1,TF-target_gene
Jun,Dcstamp,TF-target_gene
Jun,Defb2,TF-target_gene
Jun,Dmtf1,TF-target_gene
Jun,Eno2,TF-target_gene
Jun,Esr1,TF-target_gene
Jun,Fam89b,TF-target_gene
Jun,Fgf7,TF-target_gene
Jun,Fosl1,TF-target_gene
Jun,Gast,TF-target_gene
Jun,Gclc,TF-target_gene
Jun,Gfap,TF-target_gene
Jun,Slc2a1,TF-target_gene
Jun,Gnrh1,TF-target_gene
Jun,Hmgcr,TF-target_gene
Jun,Hmox1,TF-target_gene
Jun,Icam1,TF-target_gene
Jun,Ifng,TF-target_gene
Jun,Ifne,TF-target_gene
Jun,Igk,TF-target_gene
Jun,Il11,TF-target_gene
Jun,Il1b,TF-target_gene
Jun,Il23a,TF-target_gene
Jun,Il24,TF-target_gene
Jun,Il27,TF-target_gene
Jun,Il3,TF-target_gene
Jun,Itga5,TF-target_gene
Jun,Ivl,TF-target_gene
Jun,Jdp2,TF-target_gene
Jun,Krt18,TF-target_gene
Jun,Lor,TF-target_gene
Jun,Maf,TF-target_gene
Jun,Mapk8,TF-target_gene
Jun,Mir18b,TF-target_gene
Jun,Mir23a,TF-target_gene
Jun,Mmp12,TF-target_gene
Jun,Mmp19,TF-target_gene
Jun,Mmp7,TF-target_gene
Jun,Msr1,TF-target_gene
Jun,Nck2,TF-target_gene
Jun,Nefl,TF-target_gene
Jun,Nfe2l2,TF-target_gene
Jun,Ngf,TF-target_gene
Jun,Odc1,TF-target_gene
Jun,Pdk1,TF-target_gene
Jun,Pea15a,TF-target_gene
Jun,Penk,TF-target_gene
Jun,Phex,TF-target_gene
Jun,Plaur,TF-target_gene
Jun,Plin2,TF-target_gene
Jun,Ppp1r3b,TF-target_gene
Jun,Prdm1,TF-target_gene
Jun,Ptpn4,TF-target_gene
Jun,Nectin2,TF-target_gene
Jun,Rab18,TF-target_gene
Jun,Serpinb5,TF-target_gene
Jun,Serpine1,TF-target_gene
Jun,Spi1,TF-target_gene
Jun,Sirt1,TF-target_gene
Jun,Slc8a1,TF-target_gene
Jun,Smurf1,TF-target_gene
Jun,Socs3,TF-target_gene
Jun,Src,TF-target_gene
Jun,Srxn1,TF-target_gene
Jun,Tbp,TF-target_gene
Jun,Tff2,TF-target_gene
Jun,Tgfb1,TF-target_gene
Jun,Tnfsf11,TF-target_gene
Jun,Tpr,TF-target_gene
Jun,Tpsab1,TF-target_gene
Jun,Trp53,TF-target_gene
Jun,Trp73,TF-target_gene
Jun,Twist1,TF-target_gene
Jun,Wee1,TF-target_gene
Jun,Slc39a14,TF-target_gene
Creb3l4,Mcl1,TF-target_gene
Creb3l4,Fosb,TF-target_gene
Creb3l4,Fos,TF-target_gene
Creb3l4,Crh,TF-target_gene
Creb3l4,Bdnf,TF-target_gene
Creb3l4,Bcl2,TF-target_gene
Creb3l4,Pdyn,TF-target_gene
Creb3l4,Arc,TF-target_gene
Creb3l4,Aqp2,TF-target_gene
Creb3l4,Npy,TF-target_gene
Creb3l4,Pcna,TF-target_gene
Creb3l4,Mitf,TF-target_gene
Creb3l4,Edem1,TF-target_gene
Mapk13,Tnf,TF-target_gene
Mapk13,Il6,TF-target_gene
Mapk13,Nos2,TF-target_gene
Mapk13,Il1a,TF-target_gene
Mapk13,Il1b,TF-target_gene
Mapk13,Il18,TF-target_gene
Mapk13,Il12b,TF-target_gene
Mapk13,Il12a,TF-target_gene
Mapk13,Il23a,TF-target_gene
Pou1f1,C1qtnf3,TF-target_gene
Pou1f1,Gh,TF-target_gene
Pou1f1,Ghr,TF-target_gene
Pou1f1,Neurod4,TF-target_gene
Pou1f1,Prl,TF-target_gene
Pou1f1,Trh,TF-target_gene
Pou1f1,Tshb,TF-target_gene
Gtf2i,Akap12,TF-target_gene
Gtf2i,Ccl7,TF-target_gene
Gtf2i,Ccnd1,TF-target_gene
Gtf2i,Cfdp1,TF-target_gene
Gtf2i,Csrp2,TF-target_gene
Gtf2i,Dlk1,TF-target_gene
Gtf2i,Folr1,TF-target_gene
Gtf2i,Fos,TF-target_gene
Gtf2i,Gsc,TF-target_gene
Gtf2i,Hspa5,TF-target_gene
Gtf2i,Id1,TF-target_gene
Gtf2i,Igh,TF-target_gene
Gtf2i,Nsd1,TF-target_gene
Gtf2i,Sec23a,TF-target_gene
Gtf2i,Tgfb2,TF-target_gene
Gtf2i,Tgfbr2,TF-target_gene
Nfkb1,Apoa1,TF-target_gene
Nfkb1,Il23a,TF-target_gene
Nfkb1,Nol3,TF-target_gene
Nfkb1,Mogs,TF-target_gene
Nfkb1,Ebi3,TF-target_gene
Nfkb1,Birc7,TF-target_gene
Nfkb1,Tnfsf15,TF-target_gene
Nfkb1,Zfp354c,TF-target_gene
Nfkb1,Sh2d3c,TF-target_gene
Nfkb1,Tlr2,TF-target_gene
Nfkb1,Ces2c,TF-target_gene
Nfkb1,Wt1,TF-target_gene
Nfkb1,Vegfc,TF-target_gene
Nfkb1,Vegfb,TF-target_gene
Nfkb1,Vegfa,TF-target_gene
Nfkb1,Vcam1,TF-target_gene
Nfkb1,Ugcg,TF-target_gene
Nfkb1,Ube2h,TF-target_gene
Nfkb1,Trp53-ps,TF-target_gene
Nfkb1,Traf6,TF-target_gene
Nfkb1,Traf5,TF-target_gene
Nfkb1,Traf4,TF-target_gene
Nfkb1,Traf3,TF-target_gene
Nfkb1,Traf2,TF-target_gene
Nfkb1,Traf1,TF-target_gene
Nfkb1,Tnfaip3,TF-target_gene
Nfkb1,Tnf,TF-target_gene
Nfkb1,Tert,TF-target_gene
Nfkb1,Tbxa2r,TF-target_gene
Nfkb1,Tapbp,TF-target_gene
Nfkb1,Tal1,TF-target_gene
Nfkb1,Sdc4,TF-target_gene
Nfkb1,Cxcl2,TF-target_gene
Nfkb1,Ccl5,TF-target_gene
Nfkb1,Ccl4,TF-target_gene
Nfkb1,Ccl3,TF-target_gene
Nfkb1,Relb,TF-target_gene
Nfkb1,Rel,TF-target_gene
Nfkb1,Rdh16,TF-target_gene
Nfkb1,Ptgs2,TF-target_gene
Nfkb1,Ptgs1,TF-target_gene
Nfkb1,Ptger2,TF-target_gene
Nfkb1,Atp12a,TF-target_gene
Nfkb1,Eif2ak2,TF-target_gene
Nfkb1,Plau,TF-target_gene
Nfkb1,Pgf,TF-target_gene
Nfkb1,Pax8,TF-target_gene
Nfkb1,Oprd1,TF-target_gene
Nfkb1,Nos2,TF-target_gene
Nfkb1,Nfkbia,TF-target_gene
Nfkb1,Nfkb2,TF-target_gene
Nfkb1,Gadd45b,TF-target_gene
Nfkb1,Myc,TF-target_gene
Nfkb1,Myb,TF-target_gene
Nfkb1,Nudt1,TF-target_gene
Nfkb1,Mmp9,TF-target_gene
Nfkb1,Mmp2,TF-target_gene
Nfkb1,Cxcl9,TF-target_gene
Nfkb1,Madcam1,TF-target_gene
Nfkb1,Kdr,TF-target_gene
Nfkb1,Il6,TF-target_gene
Nfkb1,Il5,TF-target_gene
Nfkb1,Il4,TF-target_gene
Nfkb1,Il2ra,TF-target_gene
Nfkb1,Il2,TF-target_gene
Nfkb1,Il1rn,TF-target_gene
Nfkb1,Il1b,TF-target_gene
Nfkb1,Il1a,TF-target_gene
Nfkb1,Il18,TF-target_gene
Nfkb1,Il15,TF-target_gene
Nfkb1,Il12b,TF-target_gene
Nfkb1,Il12a,TF-target_gene
Nfkb1,Ifngr2,TF-target_gene
Nfkb1,Ifnb1,TF-target_gene
Nfkb1,Cxcl10,TF-target_gene
Nfkb1,Icam1,TF-target_gene
Nfkb1,Hif1a,TF-target_gene
Nfkb1,Cfb,TF-target_gene
Nfkb1,Cxcl1,TF-target_gene
Nfkb1,Gdnf,TF-target_gene
Nfkb1,Gad1,TF-target_gene
Nfkb1,Figf,TF-target_gene
Nfkb1,Fasl,TF-target_gene
Nfkb1,Fas,TF-target_gene
Nfkb1,Ptprv,TF-target_gene
Nfkb1,Csf2,TF-target_gene
Nfkb1,Csf1,TF-target_gene
Nfkb1,Socs3,TF-target_gene
Nfkb1,Chat,TF-target_gene
Nfkb1,Cflar,TF-target_gene
Nfkb1,Cebpg,TF-target_gene
Nfkb1,Cebpb,TF-target_gene
Nfkb1,Ccnd3,TF-target_gene
Nfkb1,Ccnd1,TF-target_gene
Nfkb1,Cacna1e,TF-target_gene
Nfkb1,Brca1,TF-target_gene
Nfkb1,Cxcr5,TF-target_gene
Nfkb1,Blk,TF-target_gene
Nfkb1,Bik,TF-target_gene
Nfkb1,Bcl2l1,TF-target_gene
Nfkb1,Bcl2a1d,TF-target_gene
Nfkb1,Bcl2a1c,TF-target_gene
Nfkb1,Bcl2a1b,TF-target_gene
Nfkb1,Bcl2a1a,TF-target_gene
Nfkb1,Bcl2,TF-target_gene
Nfkb1,Apoc3,TF-target_gene
Nfkb1,Birc5,TF-target_gene
Nfkb1,Xiap,TF-target_gene
Nfkb1,Birc2,TF-target_gene
Nfkb1,Birc3,TF-target_gene
Nfkb1,Akt1,TF-target_gene
Nfkb1,Ahrr,TF-target_gene
Nfkb1,Acta2,TF-target_gene
Nfkb1,Acp5,TF-target_gene
Nfkb1,Irak2,TF-target_gene
Nfkb1,mmu-miR-146a-5p,TF-target_gene
Nfkb1,Adipoq,TF-target_gene
Nfkb1,Adora1,TF-target_gene
Nfkb1,Adora2a,TF-target_gene
Nfkb1,Adora2b,TF-target_gene
Nfkb1,Ager,TF-target_gene
Nfkb1,Agt,TF-target_gene
Nfkb1,Aldh3a1,TF-target_gene
Nfkb1,Alox5,TF-target_gene
Nfkb1,Amh,TF-target_gene
Nfkb1,Ankrd2,TF-target_gene
Nfkb1,Apoe,TF-target_gene
Nfkb1,Aqp5,TF-target_gene
Nfkb1,Banp,TF-target_gene
Nfkb1,Bin1,TF-target_gene
Nfkb1,Bmp2,TF-target_gene
Nfkb1,Bmpr2,TF-target_gene
Nfkb1,Btk,TF-target_gene
Nfkb1,COX2,TF-target_gene
Nfkb1,Ccl12,TF-target_gene
Nfkb1,Ccl2,TF-target_gene
Nfkb1,Ccl20,TF-target_gene
Nfkb1,Ccl22,TF-target_gene
Nfkb1,Ccl9,TF-target_gene
Nfkb1,Cd38,TF-target_gene
Nfkb1,Cd40,TF-target_gene
Nfkb1,Cd7,TF-target_gene
Nfkb1,Cd80,TF-target_gene
Nfkb1,Cd86,TF-target_gene
Nfkb1,Cdk4,TF-target_gene
Nfkb1,Cdkn1a,TF-target_gene
Nfkb1,Cebpa,TF-target_gene
Nfkb1,Cenpj,TF-target_gene
Nfkb1,Col1a1,TF-target_gene
Nfkb1,Ctnnb1,TF-target_gene
Nfkb1,Cxadr,TF-target_gene
Nfkb1,Cxcl13,TF-target_gene
Nfkb1,Cxcl15,TF-target_gene
Nfkb1,Cyp11a1,TF-target_gene
Nfkb1,Dcst1,TF-target_gene
Nfkb1,Dcst2,TF-target_gene
Nfkb1,Dcstamp,TF-target_gene
Nfkb1,Defb2,TF-target_gene
Nfkb1,Dmp1,TF-target_gene
Nfkb1,Drd2,TF-target_gene
Nfkb1,Dusp1,TF-target_gene
Nfkb1,Ebna1bp2,TF-target_gene
Nfkb1,Edn1,TF-target_gene
Nfkb1,Egfr,TF-target_gene
Nfkb1,Egr2,TF-target_gene
Nfkb1,Elf3,TF-target_gene
Nfkb1,Epas1,TF-target_gene
Nfkb1,Fbp1,TF-target_gene
Nfkb1,Kdm2a,TF-target_gene
Nfkb1,Fn1,TF-target_gene
Nfkb1,Fos,TF-target_gene
Nfkb1,Foxp3,TF-target_gene
Nfkb1,Fth1,TF-target_gene
Nfkb1,Gclm,TF-target_gene
Nfkb1,Glrx,TF-target_gene
Nfkb1,Hamp,TF-target_gene
Nfkb1,Hes1,TF-target_gene
Nfkb1,Hmgcr,TF-target_gene
Nfkb1,Hmox1,TF-target_gene
Nfkb1,Hsd11b2,TF-target_gene
Nfkb1,Ifng,TF-target_gene
Nfkb1,Igf2bp2,TF-target_gene
Nfkb1,Igk,TF-target_gene
Nfkb1,Ikbkb,TF-target_gene
Nfkb1,Il1,TF-target_gene
Nfkb1,Il10,TF-target_gene
Nfkb1,Irf4,TF-target_gene
Nfkb1,Itgam,TF-target_gene
Nfkb1,Junb,TF-target_gene
Nfkb1,Kcnd2,TF-target_gene
Nfkb1,Kcnip2,TF-target_gene
Nfkb1,Klf5,TF-target_gene
Nfkb1,Lcn2,TF-target_gene
Nfkb1,Lef1,TF-target_gene
Nfkb1,Lif,TF-target_gene
Nfkb1,Ltc4s,TF-target_gene
Nfkb1,Mapk14,TF-target_gene
Nfkb1,Mbp,TF-target_gene
Nfkb1,Mmp14,TF-target_gene
Nfkb1,Mmp3,TF-target_gene
Nfkb1,Msx1,TF-target_gene
Nfkb1,Myoz2,TF-target_gene
Nfkb1,Nfkb1,TF-target_gene
Nfkb1,Nfkbiz,TF-target_gene
Nfkb1,Ngb,TF-target_gene
Nfkb1,Nos3,TF-target_gene
Nfkb1,Nqo1,TF-target_gene
Nfkb1,Nrf1,TF-target_gene
Nfkb1,Ntn1,TF-target_gene
Nfkb1,Pck1,TF-target_gene
Nfkb1,Pdk4,TF-target_gene
Nfkb1,Per1,TF-target_gene
Nfkb1,Per2,TF-target_gene
Nfkb1,Phex,TF-target_gene
Nfkb1,Pirb,TF-target_gene
Nfkb1,Pla2g4a,TF-target_gene
Nfkb1,Plaur,TF-target_gene
Nfkb1,Plin2,TF-target_gene
Nfkb1,Pmaip1,TF-target_gene
Nfkb1,Ppara,TF-target_gene
Nfkb1,Ppargc1a,TF-target_gene
Nfkb1,Ppm1d,TF-target_gene
Nfkb1,Ppp1r13l,TF-target_gene
Nfkb1,Ppp1r14a,TF-target_gene
Nfkb1,Prodh,TF-target_gene
Nfkb1,Psme2,TF-target_gene
Nfkb1,Pten,TF-target_gene
Nfkb1,Ptges,TF-target_gene
Nfkb1,Ptpn4,TF-target_gene
Nfkb1,Ripk2,TF-target_gene
Nfkb1,Sele,TF-target_gene
Nfkb1,Selp,TF-target_gene
Nfkb1,Shh,TF-target_gene
Nfkb1,Slc1a2,TF-target_gene
Nfkb1,Slc2a1,TF-target_gene
Nfkb1,Slc2a4,TF-target_gene
Nfkb1,Sod2,TF-target_gene
Nfkb1,Sox9,TF-target_gene
Nfkb1,Src,TF-target_gene
Nfkb1,Stat1,TF-target_gene
Nfkb1,Stk39,TF-target_gene
Nfkb1,Tcrg-C1,TF-target_gene
Nfkb1,Tec,TF-target_gene
Nfkb1,Tgfb1,TF-target_gene
Nfkb1,Thrb,TF-target_gene
Nfkb1,Timp3,TF-target_gene
Nfkb1,Tlr4,TF-target_gene
Nfkb1,Tnfrsf25,TF-target_gene
Nfkb1,Tnfrsf4,TF-target_gene
Nfkb1,Tnfsf13b,TF-target_gene
Nfkb1,Trem1,TF-target_gene
Nfkb1,Trim63,TF-target_gene
Nfkb1,Trp53,TF-target_gene
Nfkb1,Twist1,TF-target_gene
Nfkb1,Upp1,TF-target_gene
Nfkb1,Wap,TF-target_gene
Nfkb1,Yy1,TF-target_gene
Nfkb1,Cdh1,TF-target_gene
Creb3l2,Pdyn,TF-target_gene
Creb3l2,Fosb,TF-target_gene
Creb3l2,Fos,TF-target_gene
Creb3l2,Pcna,TF-target_gene
Creb3l2,Crh,TF-target_gene
Creb3l2,Bdnf,TF-target_gene
Creb3l2,Bcl2,TF-target_gene
Creb3l2,Arc,TF-target_gene
Creb3l2,Aqp2,TF-target_gene
Creb3l2,Npy,TF-target_gene
Creb3l2,Mitf,TF-target_gene
Creb3l2,Mcl1,TF-target_gene
Mapk1,Il23a,TF-target_gene
Mapk1,Ccnd1,TF-target_gene
Mapk1,Cdk4,TF-target_gene
Mapk1,Il12a,TF-target_gene
Mapk1,Il12b,TF-target_gene
Mapk1,Il18,TF-target_gene
Mapk1,Il1a,TF-target_gene
Mapk1,Il1b,TF-target_gene
Mapk1,Il6,TF-target_gene
Mapk1,Nos2,TF-target_gene
Mapk1,Pdyn,TF-target_gene
Mapk1,Tnf,TF-target_gene
Mapk1,LOC640611,TF-target_gene
Mapk1,Egr1,TF-target_gene
Stat5a,Bcl2l1,TF-target_gene
Stat5a,Pim2,TF-target_gene
Stat5a,Socs7,TF-target_gene
Stat5a,Socs2,TF-target_gene
Stat5a,Ccnd3,TF-target_gene
Stat5a,Socs3,TF-target_gene
Stat5a,Socs1,TF-target_gene
Stat5a,Myc,TF-target_gene
Stat5a,Clnk,TF-target_gene
Stat5a,Socs5,TF-target_gene
Stat5a,Socs4,TF-target_gene
Stat5a,Pim1,TF-target_gene
Stat5a,Ccnd2,TF-target_gene
Stat5a,Ccnd1,TF-target_gene
Stat5a,Ar,TF-target_gene
Stat5a,Cdkn2b,TF-target_gene
Stat5a,Csf2,TF-target_gene
Stat5a,Csf3,TF-target_gene
Stat5a,Csn1s1,TF-target_gene
Stat5a,Csn2,TF-target_gene
Stat5a,Dpagt1,TF-target_gene
Stat5a,Dpf3,TF-target_gene
Stat5a,Epor,TF-target_gene
Stat5a,Fam89b,TF-target_gene
Stat5a,Grb10,TF-target_gene
Stat5a,Il10,TF-target_gene
Stat5a,Il2ra,TF-target_gene
Stat5a,Il9,TF-target_gene
Stat5a,Mir21a,TF-target_gene
Stat5a,Nr3c1,TF-target_gene
Stat5a,Pck1,TF-target_gene
Stat5a,Pdk4,TF-target_gene
Stat5a,Prf1,TF-target_gene
Stat5a,Psap,TF-target_gene
Stat5a,Sftpb,TF-target_gene
